<?xml version="1.0" encoding="UTF-8"?>
<beans xmlns="http://www.springframework.org/schema/beans"
	xmlns:xsi="http://www.w3.org/2001/XMLSchema-instance" xmlns:int="http://www.springframework.org/schema/integration"
	xmlns:int-webflux="http://www.springframework.org/schema/integration/webflux"
	xmlns:int-jms="http://www.springframework.org/schema/integration/jms"
	xmlns:int-file="http://www.springframework.org/schema/integration/file"
	xsi:schemaLocation="
   http://www.springframework.org/schema/beans
   https://www.springframework.org/schema/beans/spring-beans.xsd
   http://www.springframework.org/schema/integration
   https://www.springframework.org/schema/integration/spring-integration.xsd
   http://www.springframework.org/schema/integration/webflux
   https://www.springframework.org/schema/integration/webflux/spring-integration-webflux.xsd
   http://www.springframework.org/schema/integration/jms
   https://www.springframework.org/schema/integration/jms/spring-integration-jms.xsd
    http://www.springframework.org/schema/integration/file
   https://www.springframework.org/schema/integration/file/spring-integration-file.xsd">

	<int-jms:inbound-channel-adapter
		connection-factory="activeMQConnectionFactory" destination-name="aaaaa"
		channel="inch"></int-jms:inbound-channel-adapter>

	<int:object-to-string-transformer
		input-channel="inch" output-channel="och" />
	<!-- <int-file:outbound-channel-adapter
		directory="/aaa/output" channel="och" /> -->
	<int-jms:outbound-channel-adapter channel="och" 
	connection-factory="activeMQConnectionFactory" destination-name="bbbb"></int-jms:outbound-channel-adapter>

	<int:channel id="inch"></int:channel>
	<int:channel id="och"></int:channel>
	<int:poller default="true" max-messages-per-poll="5"
		fixed-rate="2000"></int:poller>

</beans>