<?xml version="1.0" encoding="UTF-8"?>
<beans xmlns="http://www.springframework.org/schema/beans"
  xmlns:xsi="http://www.w3.org/2001/XMLSchema-instance"
  xmlns:int="http://www.springframework.org/schema/integration"
  xmlns:int-webflux="http://www.springframework.org/schema/integration/webflux"
  xmlns:int-stream="http://www.springframework.org/schema/integration/stream"
   xmlns:int-file="http://www.springframework.org/schema/integration/file"
  xsi:schemaLocation="
   http://www.springframework.org/schema/beans
   https://www.springframework.org/schema/beans/spring-beans.xsd
   http://www.springframework.org/schema/integration
   https://www.springframework.org/schema/integration/spring-integration.xsd
   http://www.springframework.org/schema/integration/webflux
   https://www.springframework.org/schema/integration/webflux/spring-integration-webflux.xsd
   http://www.springframework.org/schema/integration/stream
   https://www.springframework.org/schema/integration/stream/spring-integration-stream.xsd
    http://www.springframework.org/schema/integration/file
   https://www.springframework.org/schema/integration/file/spring-integration-file.xsd">
   
   
   <int-stream:stdin-channel-adapter id="input" channel="first" ></int-stream:stdin-channel-adapter>
   <int-file:inbound-channel-adapter directory="/aaa/input" channel="first"></int-file:inbound-channel-adapter>
   <int-stream:stdout-channel-adapter id="output1" channel="first" ></int-stream:stdout-channel-adapter>
   <int-file:outbound-channel-adapter directory="/aaa/output" channel="first"  ></int-file:outbound-channel-adapter>
   <int:publish-subscribe-channel id="first"></int:publish-subscribe-channel> 
   <!-- <int:channel id="first"></int:channel> -->
   <int:poller  default="true" max-messages-per-poll="3" fixed-rate="5000"></int:poller>
   
   </beans>