<?xml version="1.0" encoding="UTF-8"?>
<beans xmlns="http://www.springframework.org/schema/beans"
  xmlns:xsi="http://www.w3.org/2001/XMLSchema-instance"
  xmlns:int="http://www.springframework.org/schema/integration"
  xmlns:int-webflux="http://www.springframework.org/schema/integration/webflux"
  xmlns:int-stream="http://www.springframework.org/schema/integration/stream"
  xmlns:int-file="http://www.springframework.org/schema/integration/file"
  xmlns:int-feed="http://www.springframework.org/schema/integration/feed"
  					       
  xsi:schemaLocation="
   http://www.springframework.org/schema/beans
   https://www.springframework.org/schema/beans/spring-beans.xsd
   http://www.springframework.org/schema/integration
   https://www.springframework.org/schema/integration/spring-integration.xsd
   http://www.springframework.org/schema/integration/webflux
   https://www.springframework.org/schema/integration/webflux/spring-integration-webflux.xsd
   http://www.springframework.org/schema/integration/stream
   https://www.springframework.org/schema/integration/stream/spring-integration-stream.xsd
    http://www.springframework.org/schema/integration/file
   https://www.springframework.org/schema/integration/file/spring-integration-file.xsd
    http://www.springframework.org/schema/integration/feed
   https://www.springframework.org/schema/integration/feed/spring-integration-feed.xsd">
   
   <int-feed:inbound-channel-adapter 
   			id="input" channel="rssinput"
   			url="https://timesofindia.indiatimes.com/rssfeedstopstories.cms"
   			></int-feed:inbound-channel-adapter>
   
   <int:transformer id="convertRSStoFile" input-channel="rssinput" output-channel="fileout" expression="payload.title"  ></int:transformer>
      <int-file:outbound-channel-adapter  directory="/aaa/output" channel="fileout"  filename-generator="mygen" >
</int-file:outbound-channel-adapter> 
<!--    <int-file:outbound-channel-adapter  directory="/aaa/output" channel="fileout"  filename-generator-expression="payload+  '.txt'" >
</int-file:outbound-channel-adapter>  -->
   <int:channel id="rssinput"></int:channel> 
  <int:channel id="fileout"></int:channel> 
   <int:poller  default="true" max-messages-per-poll="3" fixed-rate="5000"></int:poller>
   
   </beans>