<?xml version="1.0" encoding="UTF-8"?>
<beans xmlns="http://www.springframework.org/schema/beans"
	xmlns:xsi="http://www.w3.org/2001/XMLSchema-instance" xmlns:int="http://www.springframework.org/schema/integration"
	xmlns:int-webflux="http://www.springframework.org/schema/integration/webflux"
	xmlns:int-file="http://www.springframework.org/schema/integration/file"


	xsi:schemaLocation="
   http://www.springframework.org/schema/beans
   https://www.springframework.org/schema/beans/spring-beans.xsd
   http://www.springframework.org/schema/integration
   https://www.springframework.org/schema/integration/spring-integration.xsd
   http://www.springframework.org/schema/integration/webflux
   https://www.springframework.org/schema/integration/webflux/spring-integration-webflux.xsd
   http://www.springframework.org/schema/integration/file
   https://www.springframework.org/schema/integration/file/spring-integration-file.xsd">

	<int-file:inbound-channel-adapter id="inputfile"
		directory="/aaa/input" channel="inputchannel" ></int-file:inbound-channel-adapter>

	<int:filter id="filefilter" input-channel="inputchannel"
		output-channel="outputchannel" discard-channel="discardchannel" ref="filter1" />

	<int-file:outbound-channel-adapter 
		id="outputfile" directory="/aaa/output" channel="outputchannel" auto-create-directory="true" />

	<int-file:outbound-channel-adapter
		id="discardedfile" directory="/aaa/discard" channel="discardchannel" auto-create-directory="true">
	</int-file:outbound-channel-adapter>
	<int:channel id="inputchannel"></int:channel>
	<int:channel id="outputchannel"></int:channel>
	<int:channel id="discardchannel"></int:channel>

	<int:poller default="true" max-messages-per-poll="3"
		fixed-rate="5000"></int:poller>

</beans>