<?xml version="1.0" encoding="UTF-8"?>
<beans xmlns="http://www.springframework.org/schema/beans"
	xmlns:xsi="http://www.w3.org/2001/XMLSchema-instance" 
	xmlns:int="http://www.springframework.org/schema/integration"
	xmlns:stream="http://www.springframework.org/schema/integration/stream"
	xmlns:file="http://www.springframework.org/schema/integration/file"
	xmlns:http="http://www.springframework.org/schema/integration/http"
	xmlns:feed="http://www.springframework.org/schema/integration/feed"
	xsi:schemaLocation="http://www.springframework.org/schema/integration/feed http://www.springframework.org/schema/integration/feed/spring-integration-feed.xsd
		http://www.springframework.org/schema/beans http://www.springframework.org/schema/beans/spring-beans.xsd
		http://www.springframework.org/schema/integration/stream http://www.springframework.org/schema/integration/stream/spring-integration-stream.xsd
		http://www.springframework.org/schema/integration/file http://www.springframework.org/schema/integration/file/spring-integration-file.xsd
		http://www.springframework.org/schema/integration/http http://www.springframework.org/schema/integration/http/spring-integration-http.xsd
		http://www.springframework.org/schema/integration http://www.springframework.org/schema/integration/spring-integration.xsd">
	
	
   <stream:stdin-channel-adapter id="InputChannelAdapter" 		channel="FirstInput" />  
   <int:recipient-list-router  input-channel="FirstInput"  >
  	 	<int:recipient channel="AirInputChannel" />
  	 	<int:recipient channel="JetInputChannel" />
   </int:recipient-list-router>
   
  <http:outbound-gateway  request-channel="AirInputChannelEnch" 
  				 reply-channel="AirOutputChannel"   url="http://localhost:8087/flights" 
        http-method="GET" expected-response-type="java.lang.String"  >
    </http:outbound-gateway>

	 <int:header-enricher input-channel="AirInputChannel" output-channel="AirInputChannelEnch">
     			<int:header  name="Content-Type" value="application/json" />
     			<int:header name="Accept" value="application/json" />
	 </int:header-enricher>
	  <int:header-enricher input-channel="JetInputChannel"  output-channel="JetInputChannelEnch">
     			<int:header name="Content-Type"  value="application/json" />
     			<int:header name="Accept" value="application/json"  />
	    </int:header-enricher>
	     
	<http:outbound-gateway  request-channel="JetInputChannelEnch" 
  				 reply-channel="JetOutputChannel"   url="http://localhost:8086/flights" expected-response-type="java.lang.String"
        http-method="GET"  expected-response-type="java.lang.String">
    
	</http:outbound-gateway>
	
		<file:outbound-channel-adapter directory="/demo/air" channel="AirOutputChannel"  />
		<file:outbound-channel-adapter directory="/demo/jet" channel="JetOutputChannel" />
	
	
 	 <int:channel id="FirstInput"  />  
 	  <int:channel id="AirInputChannel"  />
 	   <int:channel id="AirOutputChannel"  />
 	   <int:channel id="AirInputChannelEnch"  />     
 	     <int:channel id="JetInputChannelEnch"  /> 
 	  <int:channel id="JetInputChannel"  />  
 	  <int:channel id="JetOutputChannel"  />  
 	  
 	   
 	  
	<int:poller default="true" id="defaultPoller"
		max-messages-per-poll="3" 	fixed-rate="1000"></int:poller>
		

		
</beans>		
