<?xml version="1.0" encoding="UTF-8"?>
<beans xmlns="http://www.springframework.org/schema/beans"
	xmlns:xsi="http://www.w3.org/2001/XMLSchema-instance"
	xmlns:int="http://www.springframework.org/schema/integration"
	xmlns:stream="http://www.springframework.org/schema/integration/stream"
	xmlns:http="http://www.springframework.org/schema/integration/http"
	xmlns:jms="http://www.springframework.org/schema/integration/jms"
	xmlns:file="http://www.springframework.org/schema/integration/file"
	xmlns:feed="http://www.springframework.org/schema/integration/feed"
	xsi:schemaLocation="http://www.springframework.org/schema/integration/feed http://www.springframework.org/schema/integration/feed/spring-integration-feed.xsd
		http://www.springframework.org/schema/beans http://www.springframework.org/schema/beans/spring-beans.xsd
		http://www.springframework.org/schema/integration/stream http://www.springframework.org/schema/integration/stream/spring-integration-stream.xsd
		http://www.springframework.org/schema/integration/file http://www.springframework.org/schema/integration/file/spring-integration-file.xsd
		http://www.springframework.org/schema/integration/http http://www.springframework.org/schema/integration/http/spring-integration-http.xsd
		http://www.springframework.org/schema/integration/jms http://www.springframework.org/schema/integration/jms/spring-integration-jms.xsd
		http://www.springframework.org/schema/integration http://www.springframework.org/schema/integration/spring-integration.xsd">
	
	
	
	<int:poller default="true" id="defaultPoller" fixed-rate="3000" max-messages-per-poll="4"/>
	<stream:stdin-channel-adapter id="inputChannelAdapter" channel="firstInput"/>
    <int:channel id="firstInput"/>
    <int:channel id="airInputChannel"/>
    <int:channel id="jetInputChannel"/>
     <int:channel id="airOutputChannel"/>
    <int:channel id="jetOutputChannel"/>
    <int:channel id="jetOutputEnricherChannel"/>
     <int:channel id="airOutputEnricherChannel"/>
    
    <int:recipient-list-router input-channel="firstInput">
    	<int:recipient channel="airInputChannel"/>
    	<int:recipient channel="jetInputChannel"/>
    </int:recipient-list-router>
    <http:outbound-gateway id="jetOutboundGateway" request-channel="jetOutputEnricherChannel" reply-channel="jetOutputChannel" http-method="GET"
    url="http://localhost:8086/flights" expected-response-type="java.lang.String"/>
    <http:outbound-gateway id="airOutboundGateway" request-channel="airOutputEnricherChannel" reply-channel="airOutputChannel" http-method="GET"
    url="http://localhost:8087/flights" expected-response-type="java.lang.String">
    </http:outbound-gateway>
    
    <int:header-enricher id="jetHeaderEnricher" input-channel="jetInputChannel"
    	output-channel="jetOutputEnricherChannel" >
    	<int:header name="accept" value="application/json"/>
    	<int:header name="contentType" value="application/json"/>
    </int:header-enricher>
    <int:header-enricher id="airHeaderEnricher" input-channel="airInputChannel" output-channel="airOutputEnricherChannel">
    	<int:header name="accept" value="application/json"/>
    	<int:header name="contentType" value="application/json"/>
    </int:header-enricher>
    
    
    

    
    <file:outbound-channel-adapter id="airFileOutputAdapter" channel="airOutputChannel" directory="demo/airIndia"/>
    <file:outbound-channel-adapter id="jetFileOutputAdapter" channel="jetOutputChannel" directory="demo/jet"/>
    	</beans>
    	
    

