<?xml version="1.0" encoding="UTF-8"?>
<beans xmlns="http://www.springframework.org/schema/beans"
	xmlns:xsi="http://www.w3.org/2001/XMLSchema-instance" 
	xmlns:int="http://www.springframework.org/schema/integration"
	xmlns:stream="http://www.springframework.org/schema/integration/stream"
	xmlns:file="http://www.springframework.org/schema/integration/file"
	xmlns:http="http://www.springframework.org/schema/integration/http"
	xmlns:feed="http://www.springframework.org/schema/integration/feed"
	xsi:schemaLocation="http://www.springframework.org/schema/integration/feed http://www.springframework.org/schema/integration/feed/spring-integration-feed.xsd
		http://www.springframework.org/schema/beans http://www.springframework.org/schema/beans/spring-beans.xsd
		http://www.springframework.org/schema/integration/stream http://www.springframework.org/schema/integration/stream/spring-integration-stream.xsd
		http://www.springframework.org/schema/integration/file http://www.springframework.org/schema/integration/file/spring-integration-file.xsd
		http://www.springframework.org/schema/integration/http http://www.springframework.org/schema/integration/http/spring-integration-http.xsd
		http://www.springframework.org/schema/integration http://www.springframework.org/schema/integration/spring-integration.xsd">
	
			
	<file:inbound-channel-adapter directory="/demo/input"  channel="mych"></file:inbound-channel-adapter>
	<file:outbound-channel-adapter directory="/demo/output" channel="outchannel" auto-create-directory="true"></file:outbound-channel-adapter>
	<file:outbound-channel-adapter directory="/demo/discard" channel="discardchannel" auto-create-directory="true"></file:outbound-channel-adapter>
 	<int:filter  expression="payload.getName().startsWith('aaa')" input-channel="mych" output-channel="outchannel" discard-channel="discardchannel" ></int:filter>
 	<!--  <int:filter  ref="myfilter"   input-channel="mych" output-channel="outchannel" discard-channel="discardchannel" ></int:filter> -->
 	 <int:channel id="mych"  />  
 	 <int:channel id="outchannel"  />  
 	  <int:channel id="discardchannel"  />  
	<int:poller default="true" id="defaultPoller"
		max-messages-per-poll="3" 	fixed-rate="1000"></int:poller>
		
	<!-- <bean id="myfilter" class="demo.MyFilter"></bean>  -->
		
</beans>		
